--INSERT INTO CAMPUS (ABBR_NAME ,HR_LEAD ,NAME ,STAGING_MANAGER_ID ,TRAINING_MANAGER_ID ,RESOURCE_METADATA_ID ,SHIPPING_ADDRESS_ID)
--VALUES ("USF", 1, "University of South Florida", (
--
--))

INSERT INTO ADDRESS (ID, UNIT_STREET, CITY, STATE, ZIP, COUNTRY) values (1, '4202 E Fowler Ave', 'Tampa','Florida','33620', 'United States');
INSERT INTO RESOURCE_METADATA (ID, RESOURCE_CREATOR, RESOURCE_CREATION_DATE_TIME, LAST_MODIFIER, LAST_MODIFIED_DATE_TIME, RESOURCE_OWNER, IS_ACTIVE) values (1, 1,'3.16.2020 10:00 PM', 1, '3.16.2020 10:00 PM', 1, 'true');
INSERT INTO CAMPUS (ID, ABBR_NAME, HR_LEAD, NAME, STAGING_MANAGER_ID, TRAINING_MANAGER_ID, RESOURCE_METADATA_ID, SHIPPING_ADDRESS_ID) values (1, 'USF', 1, 'University of South Florida', 2, 3, 1, 1);
INSERT INTO CAMPUS_CORPORATE_EMPLOYEES (CAMPUS_ID, CORPORATE_EMPLOYEES) values (1, 1);
INSERT INTO CAMPUS_CORPORATE_EMPLOYEES (CAMPUS_ID, CORPORATE_EMPLOYEES) values (1, 2);
INSERT INTO CAMPUS_CORPORATE_EMPLOYEES (CAMPUS_ID, CORPORATE_EMPLOYEES) values (1, 3);
INSERT INTO CAMPUS_CORPORATE_EMPLOYEES (CAMPUS_ID, CORPORATE_EMPLOYEES) values (1, 4);
INSERT INTO CAMPUS_CORPORATE_EMPLOYEES (CAMPUS_ID, CORPORATE_EMPLOYEES) values (1, 5);
INSERT INTO CAMPUS_CORPORATE_EMPLOYEES (CAMPUS_ID, CORPORATE_EMPLOYEES) values (1, 6);
INSERT INTO CAMPUS_CORPORATE_EMPLOYEES (CAMPUS_ID, CORPORATE_EMPLOYEES) values (1, 7);
INSERT INTO CAMPUS_CORPORATE_EMPLOYEES (CAMPUS_ID, CORPORATE_EMPLOYEES) values (1, 8);
INSERT INTO CAMPUS_CORPORATE_EMPLOYEES (CAMPUS_ID, CORPORATE_EMPLOYEES) values (1, 9);
INSERT INTO CAMPUS_CORPORATE_EMPLOYEES (CAMPUS_ID, CORPORATE_EMPLOYEES) values (1, 10);
INSERT INTO BUILDING (ID, NAME, ABBR_NAME, PHYSICAL_ADDRESS_ID, TRAINING_LEAD, RESOURCE_METADATA_ID, CAMPUS_ID) values (1, 'NEC', 'NEC', 1, 5 , 1, 1);
INSERT INTO BUILDING (ID, NAME, ABBR_NAME, PHYSICAL_ADDRESS_ID, TRAINING_LEAD, RESOURCE_METADATA_ID, CAMPUS_ID) values (2, 'MUMA School of Business', 'BSN', 1, 4 , 1, 1);
INSERT INTO AMENITY (ID, TYPE, STATUS, BUILDING_ID) values (1,'COFFEE', 'OK', 1);
INSERT INTO AMENITY (ID, TYPE, STATUS, BUILDING_ID) values (2,'TEA', 'OK', 1);
INSERT INTO AMENITY (ID, TYPE, STATUS, BUILDING_ID) values (3,'WATER', 'OK', 1);
INSERT INTO AMENITY (ID, TYPE, STATUS, BUILDING_ID) values (4,'UTENSILS', 'OK', 1);
INSERT INTO AMENITY (ID, TYPE, STATUS, BUILDING_ID) values (5,'COFFEE_FILTERS', 'OK', 1);
INSERT INTO AMENITY (ID, TYPE, STATUS, BUILDING_ID) values (6,'COFFEE_CREAMER', 'OK', 1);
INSERT INTO AMENITY (ID, TYPE, STATUS, BUILDING_ID) values (7,'PAPER_TOWELS', 'OUT', 1);
INSERT INTO AMENITY (ID, TYPE, STATUS, BUILDING_ID) values (9,'WHITEBOARD_ERASERS', 'LOW', 1);
INSERT INTO AMENITY (ID, TYPE, STATUS, BUILDING_ID) values (10,'WHITEBOARD_MARKERS', 'LOW', 1);
INSERT INTO AMENITY (ID, TYPE, STATUS, BUILDING_ID) values (11,'COFFEE', 'OK', 2);
INSERT INTO AMENITY (ID, TYPE, STATUS, BUILDING_ID) values (12,'TEA', 'OK', 2);
INSERT INTO AMENITY (ID, TYPE, STATUS, BUILDING_ID) values (13,'WATER', 'OK', 2);
INSERT INTO AMENITY (ID, TYPE, STATUS, BUILDING_ID) values (14,'UTENSILS', 'OK', 2);
INSERT INTO AMENITY (ID, TYPE, STATUS, BUILDING_ID) values (15,'COFFEE_FILTERS', 'OK', 2);
INSERT INTO AMENITY (ID, TYPE, STATUS, BUILDING_ID) values (16,'COFFEE_CREAMER', 'OK', 2);
INSERT INTO AMENITY (ID, TYPE, STATUS, BUILDING_ID) values (17,'PAPER_TOWELS', 'OUT', 2);
INSERT INTO AMENITY (ID, TYPE, STATUS, BUILDING_ID) values (19,'WHITEBOARD_ERASERS', 'LOW', 2);
INSERT INTO AMENITY (ID, TYPE, STATUS, BUILDING_ID) values (20,'WHITEBOARD_MARKERS', 'LOW', 2);
INSERT INTO ROOM (ID, ROOM_NUMBER, MAX_OCCUPANCY, ACTIVE, BATCH_ID, RESOURCE_METADATA_ID, BUILDING_ID) values (1, '107', 24, 'true', 1, 1, 1);
INSERT INTO ROOM (ID, ROOM_NUMBER, MAX_OCCUPANCY, ACTIVE, BATCH_ID, RESOURCE_METADATA_ID, BUILDING_ID) values (2, '300', 30, 'true', 2, 1, 1);
INSERT INTO ROOM (ID, ROOM_NUMBER, MAX_OCCUPANCY, ACTIVE, BATCH_ID, RESOURCE_METADATA_ID, BUILDING_ID) values (3, '320', 28, 'false', 3, 1, 1);
INSERT INTO ROOM (ID, ROOM_NUMBER, MAX_OCCUPANCY, ACTIVE, BATCH_ID, RESOURCE_METADATA_ID, BUILDING_ID) values (4, '107', 24, 'true', 4, 1, 2);
INSERT INTO ROOM (ID, ROOM_NUMBER, MAX_OCCUPANCY, ACTIVE, BATCH_ID, RESOURCE_METADATA_ID, BUILDING_ID) values (5, '107', 24, 'true', 5, 1, 2);
INSERT INTO ROOM (ID, ROOM_NUMBER, MAX_OCCUPANCY, ACTIVE, BATCH_ID, RESOURCE_METADATA_ID, BUILDING_ID) values (6, '107', 24, 'false', 6, 1, 2);
INSERT INTO ROOM_WORK_ORDERS (ROOM_ID, WORK_ORDERS) values (1,1);
INSERT INTO ROOM_WORK_ORDERS (ROOM_ID, WORK_ORDERS) values (1,2);
INSERT INTO ROOM_WORK_ORDERS (ROOM_ID, WORK_ORDERS) values (1,3);
INSERT INTO ROOM_WORK_ORDERS (ROOM_ID, WORK_ORDERS) values (2,4);
INSERT INTO ROOM_WORK_ORDERS (ROOM_ID, WORK_ORDERS) values (2,5);
INSERT INTO ROOM_WORK_ORDERS (ROOM_ID, WORK_ORDERS) values (2,6);
INSERT INTO ROOM_WORK_ORDERS (ROOM_ID, WORK_ORDERS) values (3,7);
INSERT INTO ROOM_WORK_ORDERS (ROOM_ID, WORK_ORDERS) values (3,8);
INSERT INTO ROOM_WORK_ORDERS (ROOM_ID, WORK_ORDERS) values (3,9);
INSERT INTO ROOM_WORK_ORDERS (ROOM_ID, WORK_ORDERS) values (4,10);
INSERT INTO ROOM_WORK_ORDERS (ROOM_ID, WORK_ORDERS) values (4,11);
INSERT INTO ROOM_WORK_ORDERS (ROOM_ID, WORK_ORDERS) values (4,12);
INSERT INTO ROOM_WORK_ORDERS (ROOM_ID, WORK_ORDERS) values (5,13);
INSERT INTO ROOM_WORK_ORDERS (ROOM_ID, WORK_ORDERS) values (5,14);
INSERT INTO ROOM_WORK_ORDERS (ROOM_ID, WORK_ORDERS) values (5,15);
INSERT INTO ROOM_WORK_ORDERS (ROOM_ID, WORK_ORDERS) values (6,16);
INSERT INTO ROOM_WORK_ORDERS (ROOM_ID, WORK_ORDERS) values (6,17);
INSERT INTO ROOM_WORK_ORDERS (ROOM_ID, WORK_ORDERS) values (6,18);
INSERT INTO ROOM_STATUS (ID, WHITE_BOARD_CLEANED, CHAIRS_ORDERED, SUBMITTED_DATE_TIME, SUBMITTER_ID, OTHER_NOTES, ARCHIVED, ROOM_ID) values (1, 'true', 'true', '06/10/2020',1, 'Other things need to be ordered', 'false', 1);
INSERT INTO ROOM_STATUS (ID, WHITE_BOARD_CLEANED, CHAIRS_ORDERED, SUBMITTED_DATE_TIME, SUBMITTER_ID, OTHER_NOTES, ARCHIVED, ROOM_ID) values (2, 'true', 'false', '06/11/2020',1, '', 'true', 1);
INSERT INTO ROOM_STATUS (ID, WHITE_BOARD_CLEANED, CHAIRS_ORDERED, SUBMITTED_DATE_TIME, SUBMITTER_ID, OTHER_NOTES, ARCHIVED, ROOM_ID) values (3, 'true', 'false', '06/12/2020',1, '', 'true', 1);
INSERT INTO ROOM_STATUS (ID, WHITE_BOARD_CLEANED, CHAIRS_ORDERED, SUBMITTED_DATE_TIME, SUBMITTER_ID, OTHER_NOTES, ARCHIVED, ROOM_ID) values (4, 'true', 'true', '06/13/2020',1, 'Other things need to be ordered', 'false', 2);
INSERT INTO ROOM_STATUS (ID, WHITE_BOARD_CLEANED, CHAIRS_ORDERED, SUBMITTED_DATE_TIME, SUBMITTER_ID, OTHER_NOTES, ARCHIVED, ROOM_ID) values (5, 'true', 'false', '06/14/2020',1, '', 'true', 2);
INSERT INTO ROOM_STATUS (ID, WHITE_BOARD_CLEANED, CHAIRS_ORDERED, SUBMITTED_DATE_TIME, SUBMITTER_ID, OTHER_NOTES, ARCHIVED, ROOM_ID) values (6, 'true', 'false', '06/15/2020',1, '', 'true', 2);
INSERT INTO ROOM_STATUS (ID, WHITE_BOARD_CLEANED, CHAIRS_ORDERED, SUBMITTED_DATE_TIME, SUBMITTER_ID, OTHER_NOTES, ARCHIVED, ROOM_ID) values (7, 'true', 'true', '06/16/2020',1, 'Other things need to be ordered', 'false', 3);
INSERT INTO ROOM_STATUS (ID, WHITE_BOARD_CLEANED, CHAIRS_ORDERED, SUBMITTED_DATE_TIME, SUBMITTER_ID, OTHER_NOTES, ARCHIVED, ROOM_ID) values (8, 'true', 'false', '06/17/2020',1, '', 'true', 3);
INSERT INTO ROOM_STATUS (ID, WHITE_BOARD_CLEANED, CHAIRS_ORDERED, SUBMITTED_DATE_TIME, SUBMITTER_ID, OTHER_NOTES, ARCHIVED, ROOM_ID) values (9, 'true', 'false', '06/18/2020',1, '', 'true', 3);
INSERT INTO ROOM_STATUS (ID, WHITE_BOARD_CLEANED, CHAIRS_ORDERED, SUBMITTED_DATE_TIME, SUBMITTER_ID, OTHER_NOTES, ARCHIVED, ROOM_ID) values (10, 'true', 'true', '06/19/2020',1, 'Other things need to be ordered', 'false', 4);
INSERT INTO ROOM_STATUS (ID, WHITE_BOARD_CLEANED, CHAIRS_ORDERED, SUBMITTED_DATE_TIME, SUBMITTER_ID, OTHER_NOTES, ARCHIVED, ROOM_ID) values (11, 'true', 'false', '06/20/2020',1, '', 'true', 4);
INSERT INTO ROOM_STATUS (ID, WHITE_BOARD_CLEANED, CHAIRS_ORDERED, SUBMITTED_DATE_TIME, SUBMITTER_ID, OTHER_NOTES, ARCHIVED, ROOM_ID) values (12, 'true', 'false', '06/21/2020',1, '', 'true', 4);
INSERT INTO ROOM_STATUS (ID, WHITE_BOARD_CLEANED, CHAIRS_ORDERED, SUBMITTED_DATE_TIME, SUBMITTER_ID, OTHER_NOTES, ARCHIVED, ROOM_ID) values (13, 'true', 'true', '06/22/2020',1, 'Other things need to be ordered', 'false', 5);
INSERT INTO ROOM_STATUS (ID, WHITE_BOARD_CLEANED, CHAIRS_ORDERED, SUBMITTED_DATE_TIME, SUBMITTER_ID, OTHER_NOTES, ARCHIVED, ROOM_ID) values (14, 'true', 'false', '06/23/2020',1, '', 'true', 5);
INSERT INTO ROOM_STATUS (ID, WHITE_BOARD_CLEANED, CHAIRS_ORDERED, SUBMITTED_DATE_TIME, SUBMITTER_ID, OTHER_NOTES, ARCHIVED, ROOM_ID) values (15, 'true', 'false', '06/24/2020',1, '', 'true', 5);
INSERT INTO ROOM_STATUS (ID, WHITE_BOARD_CLEANED, CHAIRS_ORDERED, SUBMITTED_DATE_TIME, SUBMITTER_ID, OTHER_NOTES, ARCHIVED, ROOM_ID) values (16, 'true', 'true', '06/25/2020',1, 'Other things need to be ordered', 'false', 6);
INSERT INTO ROOM_STATUS (ID, WHITE_BOARD_CLEANED, CHAIRS_ORDERED, SUBMITTED_DATE_TIME, SUBMITTER_ID, OTHER_NOTES, ARCHIVED, ROOM_ID) values (17, 'true', 'false', '06/26/2020',1, '', 'true', 6);
INSERT INTO ROOM_STATUS (ID, WHITE_BOARD_CLEANED, CHAIRS_ORDERED, SUBMITTED_DATE_TIME, SUBMITTER_ID, OTHER_NOTES, ARCHIVED, ROOM_ID) values (18, 'true', 'false', '06/27/2020',1, '', 'true', 6);

--//		Campus campus1 = new Campus("1","University of South Florida", "USF", address, 1, 2, 3, campus1Buildings, corporate, meta);


